奥迪,奥迪.jpg
阿斯顿・马丁,阿斯顿・马丁.jpg
阿尔法・罗密欧,阿尔法・罗密欧.jpg
爱驰,爱驰.jpg
安徽猎豹,安徽猎豹.jpg
阿维塔,阿维塔.jpg
艾康尼克,艾康尼克.jpg
安凯客车,安凯客车.jpg
本田,本田.jpg
奔驰,奔驰.jpg
宝马,宝马.jpg
别克,别克.jpg
比亚迪,比亚迪.jpg
保时捷,保时捷.jpg
宝骏,宝骏.jpg
标致,标致.jpg
北京,北京.jpg
宾利,宾利.jpg
奔腾,奔腾.jpg
北京汽车,北京汽车.jpg
北汽制造,北汽制造.jpg
布加迪,布加迪.jpg
北汽新能源,北汽新能源.jpg
博速,博速.jpg
北汽昌河,北汽昌河.jpg
百智新能源,百智新能源.jpg
宝沃,宝沃.jpg
北汽幻速,北汽幻速.jpg
北汽威旺,北汽威旺.jpg
北汽瑞翔,北汽瑞翔.jpg
比速汽车,比速汽车.jpg
比克汽车,比克汽车.jpg
铂驰,铂驰.jpg
比德文汽车,比德文汽车.jpg
博郡汽车,博郡汽车.jpg
宝骐汽车,宝骐汽车.jpg
北京清行,北京清行.jpg
宝腾,宝腾.jpg
拜腾,拜腾.jpg
北汽道达,北汽道达.jpg
宾尼法利纳,宾尼法利纳.jpg
保斐利,保斐利.jpg
长安,长安.jpg
长安欧尚,长安欧尚.jpg
长城,长城.jpg
长安凯程,长安凯程.jpg
长安跨越,长安跨越.jpg
创维汽车,创维汽车.jpg
橙仕,橙仕.jpg
成功汽车,成功汽车.jpg
车驰汽车,车驰汽车.jpg
昶洧,昶洧.jpg
长安深蓝,长安深蓝.jpg
大众,大众.jpg
东风风神,东风风神.jpg
东风风行,东风风行.jpg
东风风光,东风风光.jpg
东风,东风.jpg
东风小康,东风小康.jpg
东南,东南.jpg
道奇,道奇.jpg
东风御风,东风御风.jpg
电动屋,电动屋.jpg
大运,大运.jpg
东风富康,东风富康.jpg
东风风度,东风风度.jpg
大乘汽车,大乘汽车.jpg
东风・瑞泰特,东风・瑞泰特.jpg
东风氢舟,东风氢舟.jpg
电咖,电咖.jpg
大迪,大迪.jpg
达契亚,达契亚.jpg
大发,大发.jpg
东风猛士,东风猛士.jpg
大力牛魔王,大力牛魔王.jpg
丰田,丰田.jpg
福特,福特.jpg
法拉利,法拉利.jpg
福田,福田.jpg
飞凡汽车,飞凡汽车.jpg
菲亚特,菲亚特.jpg
福迪,福迪.jpg
法诺新能源,法诺新能源.jpg
飞碟汽车,飞碟汽车.jpg
弗那萨利,弗那萨利.jpg
广汽传祺,广汽传祺.jpg
高合汽车,高合汽车.jpg
观致,观致.jpg
广汽集团,广汽集团.jpg
国机智骏,国机智骏.jpg
格罗夫,格罗夫.jpg
国金汽车,国金汽车.jpg
广通客车,广通客车.jpg
谷歌,谷歌.jpg
光冈,光冈.jpg
广汽吉奥,广汽吉奥.jpg
哈弗,哈弗.jpg
红旗,红旗.jpg
海马,海马.jpg
合创,合创.jpg
悍马,悍马.jpg
黄海,黄海.jpg
汉腾汽车,汉腾汽车.jpg
华泰,华泰.jpg
华晨新日,华晨新日.jpg
海格,海格.jpg
汉龙汽车,汉龙汽车.jpg
华颂,华颂.jpg
华梓汽车,华梓汽车.jpg
恒润汽车,恒润汽车.jpg
宏远汽车,宏远汽车.jpg
恒驰,恒驰.jpg
华人运通,华人运通.jpg
红星汽车,红星汽车.jpg
华泰新能源,华泰新能源.jpg
华凯,华凯.jpg
霍顿,霍顿.jpg
华利,华利.jpg
哈飞,哈飞.jpg
华骐,华骐.jpg
恒天,恒天.jpg
华普,华普.jpg
华夏领舰,华夏领舰.jpg
吉利汽车,吉利汽车.jpg
捷豹,捷豹.jpg
捷途,捷途.jpg
捷达,捷达.jpg
极氪,极氪.jpg
捷尼赛思,捷尼赛思.jpg
江淮,江淮.jpg
几何汽车,几何汽车.jpg
江铃,江铃.jpg
金杯,金杯.jpg
江铃集团新能源,江铃集团新能源.jpg
钧天,钧天.jpg
九龙,九龙.jpg
金龙,金龙.jpg
金旅,金旅.jpg
君马汽车,君马汽车.jpg
集度,集度.jpg
金冠汽车,金冠汽车.jpg
奇点汽车,奇点汽车.jpg
佳跃,佳跃.jpg
金杯新能源,金杯新能源.jpg
江南汽车,江南汽车.jpg
金琥新能源,金琥新能源.jpg
凯迪拉克,凯迪拉克.jpg
凯翼,凯翼.jpg
克莱斯勒,克莱斯勒.jpg
科尼赛克,科尼赛克.jpg
开瑞,开瑞.jpg
克慕勒,克慕勒.jpg
克蒂汽车,克蒂汽车.jpg
卡升,卡升.jpg
开沃汽车,开沃汽车.jpg
卡威,卡威.jpg
开利,开利.jpg
卡尔森,卡尔森.jpg
凯佰赫,凯佰赫.jpg
j驰,j驰.jpg
雷克萨斯,雷克萨斯.jpg
领克,领克.jpg
路虎,路虎.jpg
林肯,林肯.jpg
理想汽车,理想汽车.jpg
零跑汽车,零跑汽车.jpg
劳斯莱斯,劳斯莱斯.jpg
岚图汽车,岚图汽车.jpg
兰博基尼,兰博基尼.jpg
铃木,铃木.jpg
雷丁,雷丁.jpg
路特斯,路特斯.jpg
雷诺,雷诺.jpg
猎豹汽车,猎豹汽车.jpg
陆风,陆风.jpg
力帆汽车,力帆汽车.jpg
凌宝汽车,凌宝汽车.jpg
理念,理念.jpg
拉达,拉达.jpg
陆地方舟,陆地方舟.jpg
莱茵汽车,莱茵汽车.jpg
龙程汽车,龙程汽车.jpg
罗夫哈特,罗夫哈特.jpg
领途汽车,领途汽车.jpg
拉共达,拉共达.jpg
绿驰,绿驰.jpg
雷诺三星,雷诺三星.jpg
领志,领志.jpg
朗世,朗世.jpg
蓝旗亚,蓝旗亚.jpg
莲花汽车,莲花汽车.jpg
雷达汽车,雷达汽车.jpg
马自达,马自达.jpg
名爵,名爵.jpg
玛莎拉蒂,玛莎拉蒂.jpg
迈凯伦,迈凯伦.jpg
迈巴赫,迈巴赫.jpg
迈莎锐,迈莎锐.jpg
摩登汽车,摩登汽车.jpg
迈迈,迈迈.jpg
敏安汽车,敏安汽车.jpg
摩根,摩根.jpg
迈越,迈越.jpg
哪吒汽车,哪吒汽车.jpg
纳智捷,纳智捷.jpg
欧拉,欧拉.jpg
讴歌,讴歌.jpg
欧宝,欧宝.jpg
欧联,欧联.jpg
欧朗,欧朗.jpg
朋克汽车,朋克汽车.jpg
帕加尼,帕加尼.jpg
佩奇奥,佩奇奥.jpg
奇瑞,奇瑞.jpg
起亚,起亚.jpg
奇瑞新能源,奇瑞新能源.jpg
启辰,启辰.jpg
奇鲁汽车,奇鲁汽车.jpg
骐铃汽车,骐铃汽车.jpg
轻橙时代,轻橙时代.jpg
清源汽车,清源汽车.jpg
前途,前途.jpg
乔治・巴顿,乔治・巴顿.jpg
全球鹰,全球鹰.jpg
日产,日产.jpg
荣威,荣威.jpg
睿蓝汽车,睿蓝汽车.jpg
瑞驰新能源,瑞驰新能源.jpg
瑞腾汽车,瑞腾汽车.jpg
容大智造,容大智造.jpg
锐马克,锐马克.jpg
如虎,如虎.jpg
瑞麒,瑞麒.jpg
瑞风汽车,瑞风汽车.jpg
斯柯达,斯柯达.jpg
三菱,三菱.jpg
斯巴鲁,斯巴鲁.jpg
思皓,思皓.jpg
思铭,思铭.jpg
沙龙汽车,沙龙汽车.jpg
萨博,萨博.jpg
赛麟,赛麟.jpg
双环,双环.jpg
陕汽通家,陕汽通家.jpg
上汽集团,上汽集团.jpg
申龙汽车,申龙汽车.jpg
特斯拉,特斯拉.jpg
五菱汽车,五菱汽车.jpg
沃尔沃,沃尔沃.jpg
蔚来,蔚来.jpg
现代,现代.jpg
雪佛兰,雪佛兰.jpg
小鹏,小鹏.jpg
雪铁龙,雪铁龙.jpg
英菲尼迪,英菲尼迪.jpg
一汽,一汽.jpg
依维柯,依维柯.jpg
野马汽车,野马汽车.jpg
众泰,众泰.jpg
